smoker,total_bill,tip,size,percent
Yes,1930.3400000000001,279.81,224,14.495373871960378
No,2897.430000000001,451.7700000000001,403,15.592093683022537
